isco_level_1,ai_product_exposure_score
0,0.25927308291275275
1,0.3448264165577809
2,0.3066065525970852
3,0.31456683473144803
4,0.34713410279033247
5,0.29223482075393603
6,0.11731923737245288
7,0.2015923626213903
8,0.18016370823283626
9,0.15131039624885786
