isco_level_1,ai_product_exposure_score
0,0.24751300307491708
1,0.6481824863682638
2,0.5498931488316687
3,0.22532801336743016
4,0.14153454435609614
5,-0.5606034312802517
6,-0.8359095748152466
7,-0.6467414597945221
8,-0.966725636697136
9,-1.4969701060677918
