isco_level_1,ai_product_exposure_score
0,0.08326899512935254
1,0.13731091752981778
2,0.11984436466970806
3,0.13667971888114203
4,0.16129485360829574
5,0.13127919153732928
6,0.015821616866840187
7,0.09230076334357724
8,0.07854846254578636
9,0.05840014364381474
